Number,Name,Account,BU,Department
229-999-6781,Suzy Q ,511040,760,6700
229-999-9091,Tracy Smith,511040,760,6700
229-999-3129,Kristen Bay,511040,760,6700
229-999-0010,EAP Phone,511040,760,6700
904-999-6211,Admin Phone,511040,760,6700
229-999-4612,Warby Parker,511040,761,6700
904-999-3356,Jack Black,511040,761,6700
904-999-5500,Jack Black - Ipad,511040,761,4200
229-999-4183,Sandy Wilson,511040,761,4200
229-999-1656,Rodney Chen,511040,761,4200
229-999-1873,Doug Finn,511040,761,4200
229-999-0177,Sheldon Howey,511040,761,3500
908-999-9052,Troy Whalen - Ipad,511040,761,3500
229-999-1868,Suzy Q - Ipad,511040,763,3500
229-999-7336,Mike Hollow,511040,763,3500
706-999-2618,Clint Easton,511040,763,3500
404-999-9601,Britt Spears,511040,763,4200
229-999-0454,Casper Ghost,511040,763,4200
229-999-4703,Patrick Star,511040,763,4200
731-999-2755,Dave Gerber,511040,763,4200
229-999-9122,Nina Marina,511040,763,4200
229-999-7001,Mike White,511040,763,4200
229-999-7002,Marketing Tradeshow,511040,763,4200
229-999-7003,Shannon Pollack,511040,763,4200
229-999-7004,Ben O'connor,511040,763,6700
229-999-7005,Alexa Baran,511040,763,6700
229-999-7006,Della Gambill ,511040,763,6700
229-999-7007,Harry Potter,511040,763,6700
229-999-7008,Chris Clein ,511040,763,6700
229-999-7009,Austin Rogers ,511040,763,6700
